<?xml version="1.1" encoding="UTF-8"?>
<expression:EMFExpression xmi:version="2.0" xmlns:xmi="http://www.omg.org/XMI" xmlns:expression="http:///expression.ecore" id="tMap_1=>" expression="row7.Units_Sold*row7.Unit_Price">
  <variables name="row7.Region" value="null" talendType="id_String" nullable="true"/>
  <variables name="row7.Country" value="null" talendType="id_String" nullable="true"/>
  <variables name="row7.Item_Type" value="null" talendType="id_String" nullable="true"/>
  <variables name="row7.Sales_Channel" value="null" talendType="id_String" nullable="true"/>
  <variables name="row7.Order_Priority" value="null" talendType="id_String" nullable="true"/>
  <variables name="row7.Order_Date" value="null" talendType="id_String" nullable="true"/>
  <variables name="row7.Order_ID" value="null" talendType="id_Integer" nullable="true"/>
  <variables name="row7.Ship_Date" value="null" talendType="id_String" nullable="true"/>
  <variables name="row7.Units_Sold" value="null" talendType="id_Integer" nullable="true"/>
  <variables name="row7.Unit_Price" value="null" talendType="id_Float" nullable="true"/>
  <variables name="row7.Unit_Cost" value="null" talendType="id_Float" nullable="true"/>
</expression:EMFExpression>
